session_id,scenario,status_pipeline,automotive_health,status,anomaly_score_atual,anomaly_score_medio_recente,taxa_anomalias_recente_pct,taxa_anomalias_total_pct
TEST_AQUECIMENTO_001,AQUECIMENTO_PROGRESSIVO,OK,16.717609852141152,DESVIO_ELEVADO,82.7149120894924,76.11770021122693,100.0,20.32146957520092
TEST_AQUECIMENTO_002,AQUECIMENTO_PROGRESSIVO,OK,14.87391096468852,DESVIO_ELEVADO,77.92264640519656,78.7515557647307,100.0,31.041890440386684
TEST_AQUECIMENTO_003,AQUECIMENTO_PROGRESSIVO,OK,15.97404521051567,DESVIO_ELEVADO,79.50229059475566,77.17993541354905,100.0,22.70433905146317
TEST_AQUECIMENTO_004,AQUECIMENTO_PROGRESSIVO,OK,15.731454656347637,DESVIO_ELEVADO,81.59488085987881,77.52649334807482,100.0,24.548049476688867
TEST_AQUECIMENTO_005,AQUECIMENTO_PROGRESSIVO,OK,16.375107100362015,DESVIO_ELEVADO,75.13654854906255,76.6069898566257,100.0,26.01260126012601
TEST_AQUECIMENTO_006,AQUECIMENTO_PROGRESSIVO,OK,14.308734791847144,DESVIO_ELEVADO,83.99202876142533,79.55895029736122,100.0,28.181041844577287
TEST_AQUECIMENTO_007,AQUECIMENTO_PROGRESSIVO,OK,15.165784700559414,DESVIO_ELEVADO,84.43923979646252,78.33459328491512,100.0,25.670186839967506
TEST_AQUECIMENTO_008,AQUECIMENTO_PROGRESSIVO,OK,16.083797942003656,DESVIO_ELEVADO,81.79613224386263,77.02314579713763,100.0,24.3996901626646
TEST_AQUECIMENTO_009,AQUECIMENTO_PROGRESSIVO,OK,14.829174838706152,DESVIO_ELEVADO,78.7568155165241,78.81546451613407,100.0,23.0940044411547
TEST_AQUECIMENTO_010,AQUECIMENTO_PROGRESSIVO,OK,15.565325030507324,DESVIO_ELEVADO,80.32755372835307,77.76382138498955,100.0,23.60028348688873
TEST_AQUECIMENTO_011,AQUECIMENTO_PROGRESSIVO,OK,16.116609062540817,DESVIO_ELEVADO,81.10615247130205,76.97627276779885,100.0,26.71651937457512
TEST_AQUECIMENTO_012,AQUECIMENTO_PROGRESSIVO,OK,15.430492766844864,DESVIO_ELEVADO,83.53536786231945,77.95643890450734,100.0,26.061997703788748
TEST_AQUECIMENTO_013,AQUECIMENTO_PROGRESSIVO,OK,17.212835630628064,DESVIO_ELEVADO,75.43490636538371,75.41023481338848,100.0,25.563909774436087
TEST_AQUECIMENTO_014,AQUECIMENTO_PROGRESSIVO,OK,15.786846789686138,DESVIO_ELEVADO,84.04158455563339,77.44736172901982,100.0,21.8970736629667
TEST_AQUECIMENTO_015,AQUECIMENTO_PROGRESSIVO,OK,15.802519399737918,DESVIO_ELEVADO,81.19344699311834,77.42497228608869,100.0,20.932445290199812
TEST_AQUECIMENTO_016,AQUECIMENTO_PROGRESSIVO,OK,16.129377611845825,DESVIO_ELEVADO,81.98327341902805,76.95803198307739,100.0,24.21242124212421
TEST_AQUECIMENTO_017,AQUECIMENTO_PROGRESSIVO,OK,13.59761636565105,DESVIO_ELEVADO,84.80821459647714,80.57483376335564,100.0,21.178479931682322
TEST_AQUECIMENTO_018,AQUECIMENTO_PROGRESSIVO,OK,15.305809895991942,DESVIO_ELEVADO,77.78046207421201,78.13455729144009,100.0,20.471161657189278
TEST_AQUECIMENTO_019,AQUECIMENTO_PROGRESSIVO,OK,16.64001728069063,DESVIO_ELEVADO,81.47422706452342,76.22854674187053,100.0,29.27962819519752
TEST_AQUECIMENTO_020,AQUECIMENTO_PROGRESSIVO,OK,14.338891246019514,DESVIO_ELEVADO,81.17393772972267,79.51586964854356,100.0,19.170984455958546
TEST_SEVERA_001,CONDICAO_SEVERA_SIMULADA,OK,0.31525520542660956,DESVIO_ELEVADO,99.60441002574845,99.54963542081914,100.0,44.89092996555683
TEST_SEVERA_002,CONDICAO_SEVERA_SIMULADA,OK,0.3289578186792568,DESVIO_ELEVADO,99.61637232796181,99.53006025902964,100.0,42.857142857142854
TEST_SEVERA_003,CONDICAO_SEVERA_SIMULADA,OK,0.3051295702019132,DESVIO_ELEVADO,99.59731426672732,99.56410061399727,100.0,40.363269424823415
TEST_SEVERA_004,CONDICAO_SEVERA_SIMULADA,OK,0.30501467424576845,DESVIO_ELEVADO,99.62672193901881,99.56426475107749,100.0,45.48049476688868
TEST_SEVERA_005,CONDICAO_SEVERA_SIMULADA,OK,0.3075558298339871,DESVIO_ELEVADO,99.61126436134268,99.56063452880859,100.0,43.834383438343835
TEST_SEVERA_006,CONDICAO_SEVERA_SIMULADA,OK,0.29906517133706245,DESVIO_ELEVADO,99.65558291159377,99.57276404094706,100.0,41.84457728437233
TEST_SEVERA_007,CONDICAO_SEVERA_SIMULADA,OK,0.30530317735944834,DESVIO_ELEVADO,99.60596382001202,99.56385260377223,100.0,44.760357432981316
TEST_SEVERA_008,CONDICAO_SEVERA_SIMULADA,OK,0.30781915469496823,DESVIO_ELEVADO,99.61335534540488,99.56025835043577,100.0,45.081332300542215
TEST_SEVERA_009,CONDICAO_SEVERA_SIMULADA,OK,0.29472504434841085,DESVIO_ELEVADO,99.62482489132367,99.57896422235942,100.0,43.22723908216136
TEST_SEVERA_010,CONDICAO_SEVERA_SIMULADA,OK,0.28689483145591055,DESVIO_ELEVADO,99.6182077137248,99.59015024077728,100.0,44.43656980864635
TEST_SEVERA_011,CONDICAO_SEVERA_SIMULADA,OK,0.280431732936961,DESVIO_ELEVADO,99.63906579271679,99.59938323866149,100.0,38.9530931339225
TEST_SEVERA_012,CONDICAO_SEVERA_SIMULADA,OK,0.30744489631206307,DESVIO_ELEVADO,99.61766420408236,99.56079300526848,100.0,42.13547646383467
TEST_SEVERA_013,CONDICAO_SEVERA_SIMULADA,OK,0.3221767595680234,DESVIO_ELEVADO,99.5885240391007,99.53974748633141,100.0,41.78302900107411
TEST_SEVERA_014,CONDICAO_SEVERA_SIMULADA,OK,0.3053170261435838,DESVIO_ELEVADO,99.62413044463733,99.56383281979488,100.0,41.67507568113017
TEST_SEVERA_015,CONDICAO_SEVERA_SIMULADA,OK,0.2992068528636622,DESVIO_ELEVADO,99.63684928919092,99.5725616387662,100.0,41.96003805899144
TEST_SEVERA_016,CONDICAO_SEVERA_SIMULADA,OK,0.3167741373545283,DESVIO_ELEVADO,99.62032899511703,99.54746551806497,100.0,45.63456345634563
TEST_SEVERA_017,CONDICAO_SEVERA_SIMULADA,OK,0.3060560746473868,DESVIO_ELEVADO,99.62189112102831,99.56277703621802,100.0,44.32109308283518
TEST_SEVERA_018,CONDICAO_SEVERA_SIMULADA,OK,0.3028908571276361,DESVIO_ELEVADO,99.60715931712178,99.56729877553195,100.0,40.53614947197401
TEST_SEVERA_019,CONDICAO_SEVERA_SIMULADA,OK,0.28702736188149913,DESVIO_ELEVADO,99.64893733633814,99.58996091159787,100.0,41.90549961270333
TEST_SEVERA_020,CONDICAO_SEVERA_SIMULADA,OK,0.2923009442885842,DESVIO_ELEVADO,99.60843912501565,99.58242722244488,100.0,42.11695040710585
TEST_NORMAL_001,NORMAL,OK,91.40924857421642,NORMAL,32.60583383349978,12.27250203683369,0.0,4.936854190585533
TEST_NORMAL_002,NORMAL,OK,88.29989560779555,NORMAL,39.09712104267894,15.285863417434923,3.3333333333333335,0.4296455424274973
TEST_NORMAL_003,NORMAL,OK,96.26917771961429,NORMAL,0.0,5.329746114836718,0.0,7.164480322906155
TEST_NORMAL_004,NORMAL,OK,94.13574491143886,NORMAL,11.325065164060966,8.377507269373046,0.0,4.281636536631779
TEST_NORMAL_005,NORMAL,OK,92.45363065885479,NORMAL,3.01522222569534,10.066241915921728,1.6666666666666667,2.7902790279027903
TEST_NORMAL_006,NORMAL,OK,86.54423519659109,NORMAL,27.5268262746711,19.22252114772702,0.0,7.685738684884715
TEST_NORMAL_007,NORMAL,OK,97.55110355570558,NORMAL,16.774615666404983,3.49842349184918,0.0,4.3866774979691305
TEST_NORMAL_008,NORMAL,OK,93.80209135164426,NORMAL,0.0,8.854155211936773,0.0,6.041828040278854
TEST_NORMAL_009,NORMAL,OK,99.25248576540159,NORMAL,6.665871347669913,1.0678774779977362,0.0,7.623982235381199
TEST_NORMAL_010,NORMAL,OK,96.32713282479392,NORMAL,17.649447822988527,5.246953107437252,0.0,11.1268603827073
TEST_NORMAL_011,NORMAL,OK,96.76302355471012,NORMAL,14.311019500757052,4.624252064699837,0.0,1.291638341264446
TEST_NORMAL_012,NORMAL,OK,91.30492298976127,NORMAL,42.05710195502302,10.992967157483907,3.3333333333333335,4.018369690011482
TEST_NORMAL_013,NORMAL,OK,89.1275603780921,NORMAL,13.082184187334278,15.532056602725566,0.0,5.370569280343716
TEST_NORMAL_014,NORMAL,OK,98.77812668869423,NORMAL,17.068947410674472,1.7455333018653867,0.0,5.953582240161452
TEST_NORMAL_015,NORMAL,OK,98.97859679268312,NORMAL,0.0,1.459147439024107,0.0,1.9029495718363463
TEST_NORMAL_016,NORMAL,OK,98.85564883375577,NORMAL,0.0,1.6347873803489044,0.0,2.25022502250225
TEST_NORMAL_017,NORMAL,OK,99.16433878445423,NORMAL,0.0,1.1938017364939506,0.0,5.977796754910333
TEST_NORMAL_018,NORMAL,OK,95.05867499630263,NORMAL,25.751728244671007,7.059035719567674,0.0,2.761982128350934
TEST_NORMAL_019,NORMAL,OK,96.40421027334762,NORMAL,0.0,5.136842466646263,0.0,6.738962044926414
TEST_NORMAL_020,NORMAL,OK,75.97644948435122,ATENCAO,32.54610620139681,28.605072165212544,13.333333333333334,6.7357512953367875
TEST_IRREGULAR_001,OPERACAO_IRREGULAR,OK,21.38381009308526,DESVIO_ELEVADO,71.28956489867102,69.45169986702108,100.0,45.46498277841561
TEST_IRREGULAR_002,OPERACAO_IRREGULAR,OK,22.036409476076727,DESVIO_ELEVADO,71.82102007722142,68.5194150341761,100.0,52.524167561761544
TEST_IRREGULAR_003,OPERACAO_IRREGULAR,OK,20.82520787090138,DESVIO_ELEVADO,68.26713887495958,70.24970304156945,100.0,46.51866801210898
TEST_IRREGULAR_004,OPERACAO_IRREGULAR,OK,21.173763625259454,DESVIO_ELEVADO,71.91301674832796,69.75176624962934,100.0,50.618458610846815
TEST_IRREGULAR_005,OPERACAO_IRREGULAR,OK,20.857217621589314,DESVIO_ELEVADO,68.99004999791455,70.20397482630098,100.0,48.874887488748875
TEST_IRREGULAR_006,OPERACAO_IRREGULAR,OK,22.833939163183118,DESVIO_ELEVADO,73.7018027493478,67.3800869097384,100.0,47.65157984628522
TEST_IRREGULAR_007,OPERACAO_IRREGULAR,OK,18.26123199576338,DESVIO_ELEVADO,73.00304119625471,73.91252572033802,100.0,45.57270511779041
TEST_IRREGULAR_008,OPERACAO_IRREGULAR,OK,20.544822326796634,DESVIO_ELEVADO,72.94681027230389,70.65025381886197,100.0,47.714949651432995
TEST_IRREGULAR_009,OPERACAO_IRREGULAR,OK,18.15330935334856,DESVIO_ELEVADO,72.87128650184742,74.06670092378776,100.0,47.372316802368616
TEST_IRREGULAR_010,OPERACAO_IRREGULAR,OK,20.669794158362862,DESVIO_ELEVADO,71.71363529128493,70.4717226309102,100.0,46.70446491849752
TEST_IRREGULAR_011,OPERACAO_IRREGULAR,OK,18.286818081409578,DESVIO_ELEVADO,71.16317821393834,73.87597416941489,100.0,47.72263766145479
TEST_IRREGULAR_012,OPERACAO_IRREGULAR,OK,17.07372660410971,DESVIO_ELEVADO,71.94687790383142,75.60896199412899,100.0,46.15384615384615
TEST_IRREGULAR_013,OPERACAO_IRREGULAR,OK,19.842505849377886,DESVIO_ELEVADO,65.94996007853521,71.65356307231731,100.0,51.34264232008593
TEST_IRREGULAR_014,OPERACAO_IRREGULAR,OK,21.073064949414146,DESVIO_ELEVADO,71.28608149672682,69.89562150083692,100.0,47.124117053481335
TEST_IRREGULAR_015,OPERACAO_IRREGULAR,OK,21.788117495579314,DESVIO_ELEVADO,73.3926327621673,68.87411786345814,100.0,51.76022835394862
TEST_IRREGULAR_016,OPERACAO_IRREGULAR,OK,18.824431642483717,DESVIO_ELEVADO,68.28332357859477,73.10795479645184,100.0,50.67506750675067
TEST_IRREGULAR_017,OPERACAO_IRREGULAR,OK,19.625520455862187,DESVIO_ELEVADO,74.9515204447935,71.96354220591115,100.0,46.79760888129804
TEST_IRREGULAR_018,OPERACAO_IRREGULAR,OK,18.57107543754674,DESVIO_ELEVADO,74.54359405706853,73.46989223207609,100.0,48.00974817221771
TEST_IRREGULAR_019,OPERACAO_IRREGULAR,OK,19.78461820658255,DESVIO_ELEVADO,72.6248937854588,71.73625970488207,100.0,46.24322230828815
TEST_IRREGULAR_020,OPERACAO_IRREGULAR,OK,18.749725046621634,DESVIO_ELEVADO,74.72614891724629,73.21467850482624,100.0,47.96447076239823
