score_medio,persistencia,health_80_20,health_70_30,health_60_40,health_50_50
0,0,100.0,100.0,100.0,100.0
0,10,98.0,97.0,96.0,95.0
0,25,95.0,92.5,90.0,87.5
0,50,90.0,85.0,80.0,75.0
0,75,85.0,77.5,70.0,62.5
0,100,80.0,70.0,60.0,50.0
10,0,92.0,93.0,94.0,95.0
10,10,90.0,90.0,90.0,90.0
10,25,87.0,85.5,84.0,82.5
10,50,82.0,78.0,74.0,70.0
10,75,77.0,70.5,64.0,57.5
10,100,72.0,63.0,54.0,45.0
25,0,80.0,82.5,85.0,87.5
25,10,78.0,79.5,81.0,82.5
25,25,75.0,75.0,75.0,75.0
25,50,70.0,67.5,65.0,62.5
25,75,65.0,60.0,55.0,50.0
25,100,60.0,52.5,45.0,37.5
50,0,60.0,65.0,70.0,75.0
50,10,58.0,62.0,66.0,70.0
50,25,55.0,57.5,60.0,62.5
50,50,50.0,50.0,50.0,50.0
50,75,45.0,42.5,40.0,37.5
50,100,40.0,35.0,30.0,25.0
75,0,40.0,47.5,55.0,62.5
75,10,38.0,44.5,51.0,57.5
75,25,35.0,40.0,45.0,50.0
75,50,30.0,32.5,35.0,37.5
75,75,25.0,25.0,25.0,25.0
75,100,20.0,17.5,15.0,12.5
100,0,20.0,30.0,40.0,50.0
100,10,18.0,27.0,36.0,45.0
100,25,15.0,22.5,30.0,37.5
100,50,10.0,15.0,20.0,25.0
100,75,5.0,7.5,10.0,12.5
100,100,0.0,0.0,0.0,0.0
