,rpm,speed_kmh,coolant_temp_c,engine_load_pct,throttle_pct,intake_temp_c,map_kpa,maf_g_s,battery_voltage,fuel_level_pct
rpm,1.0,0.973,0.144,0.439,0.698,0.07,0.606,0.934,-0.001,-0.003
speed_kmh,0.973,1.0,0.172,0.281,0.563,0.083,0.473,0.869,-0.001,-0.004
coolant_temp_c,0.144,0.172,1.0,-0.059,-0.001,0.473,-0.015,0.102,-0.002,-0.06
engine_load_pct,0.439,0.281,-0.059,1.0,0.86,-0.026,0.849,0.628,-0.001,0.006
throttle_pct,0.698,0.563,-0.001,0.86,1.0,0.0,0.92,0.801,0.001,0.002
intake_temp_c,0.07,0.083,0.473,-0.026,0.0,1.0,-0.007,0.05,-0.001,-0.03
map_kpa,0.606,0.473,-0.015,0.849,0.92,-0.007,1.0,0.723,-0.0,0.001
maf_g_s,0.934,0.869,0.102,0.628,0.801,0.05,0.723,1.0,-0.002,0.0
battery_voltage,-0.001,-0.001,-0.002,-0.001,0.001,-0.001,-0.0,-0.002,1.0,-0.001
fuel_level_pct,-0.003,-0.004,-0.06,0.006,0.002,-0.03,0.001,0.0,-0.001,1.0
