,mean,std,min,25%,50%,75%,max
rpm,1925.374,515.342,650.0,1555.075,1892.35,2263.7,3462.0
speed_kmh,42.741,20.872,0.0,27.8,41.3,56.1,99.7
coolant_temp_c,78.459,15.317,27.1,73.0,85.6,89.2,92.8
engine_load_pct,32.103,7.478,12.6,26.3,30.6,37.9,59.5
throttle_pct,20.089,5.53,5.0,15.8,19.5,24.0,40.6
intake_temp_c,29.752,1.13,23.8,29.0,29.8,30.5,34.6
map_kpa,47.192,5.32,29.0,43.2,46.7,50.9,67.9
maf_g_s,8.086,1.519,3.5,6.99,8.0,9.13,13.63
battery_voltage,14.15,0.08,13.77,14.1,14.15,14.2,14.49
fuel_level_pct,70.367,9.571,53.07,63.07,68.97,78.49,89.98
