epoch,loss,val_loss
1,0.3761677145957947,0.32240936160087585
2,0.3104257881641388,0.3059835135936737
3,0.30061405897140503,0.2987891733646393
4,0.2949316203594208,0.29383745789527893
5,0.28903353214263916,0.28786417841911316
6,0.28422680497169495,0.28307121992111206
7,0.28029531240463257,0.279132604598999
8,0.2761591970920563,0.27500757575035095
9,0.2723134756088257,0.2713407278060913
10,0.2694143056869507,0.268865168094635
11,0.26646772027015686,0.2657274901866913
12,0.26363909244537354,0.2629465162754059
13,0.2612704336643219,0.2608712613582611
14,0.2593505382537842,0.25903427600860596
15,0.2572583854198456,0.2575177550315857
16,0.2548559010028839,0.2545121908187866
17,0.25297099351882935,0.25246697664260864
18,0.25143882632255554,0.252604603767395
19,0.25023308396339417,0.24988389015197754
20,0.2489888221025467,0.24948278069496155
21,0.24752312898635864,0.24648602306842804
22,0.24574513733386993,0.24573814868927002
23,0.24429409205913544,0.24507050216197968
24,0.2432321012020111,0.24254371225833893
25,0.24233466386795044,0.2419685274362564
26,0.2414638251066208,0.24135959148406982
27,0.24049539864063263,0.23968155682086945
28,0.23924848437309265,0.2382974922657013
29,0.23773877322673798,0.23747101426124573
30,0.23632866144180298,0.23615874350070953
31,0.2349291890859604,0.23413121700286865
32,0.23360541462898254,0.23307311534881592
33,0.23249320685863495,0.23264004290103912
34,0.23140452802181244,0.23135140538215637
35,0.23060548305511475,0.22990478575229645
36,0.22983860969543457,0.22944402694702148
37,0.22913824021816254,0.2292167693376541
38,0.2286910116672516,0.22871626913547516
39,0.22812099754810333,0.22832098603248596
40,0.22759538888931274,0.22753380239009857
